in meter,with a trochaic inversion,beginning,write a line in meter including the word beginning with a trochaic inversion,Alone the beginning casts its silent spell.
in meter,with a trochaic inversion,lament,write a line in meter including the word lament with a trochaic inversion,Alone the stars mournful lament
in iambic pentameter,with rhythmic variation,sorrow,write a line in iambic pentameter including the word sorrow with rhythmic variation,"Amid the night, my heart knows deepest sorrow."
in meter,with rhythmic variation,truth,write a line in meter including the word truth with rhythmic variation,"Amid the shadows, truth unveils its light."
of blank verse,with a trochaic inversion at the end of the line,truth,write a line of blank verse including the word truth with a trochaic inversion at the end of the line,"Amid the storm, the steadfast heart reveals truth"
in iambic pentameter,with an inverted foot,ultimate,write a line in iambic pentameter including the word ultimate with an inverted foot,"Amid the ultimate dusk, the stars align"
in iambic pentameter,with a trochaic inversion after a caesura,sorrow,write a line in iambic pentameter including the word sorrow with a trochaic inversion after a caesura,And through the darkâ sorrow fills my heart.
of blank verse,with a trochaic inversion at the end of the line,hate,write a line of blank verse including the word hate with a trochaic inversion at the end of the line,"As twilight falls, my heart still holds its hate"
of blank verse,,beginning,write a line of blank verse including the word beginning ,"At long last, we reach the beginning's edge."
of blank verse,with rhythmic variation,beginning,write a line of blank verse including the word beginning with rhythmic variation,"At the beginning, dawn breaks through the mist."
in meter,with a trochaic inversion at the end of the line,lament,write a line in meter including the word lament with a trochaic inversion at the end of the line,Autumn leaves begin to lament
of blank verse,with a trochaic inversion after a caesura,deceit,write a line of blank verse including the word deceit with a trochaic inversion after a caesura,"Before the evening's calm, deceit hides truths unseen."
in iambic pentameter,with rhythmic variation,beginning,write a line in iambic pentameter including the word beginning with rhythmic variation,Beginning shadows stretch across the night.
in iambic pentameter,with rhythmic variation,deceit,write a line in iambic pentameter including the word deceit with rhythmic variation,"Behind the smiles, the web of cruel deceit."
in iambic pentameter,with an inverted foot,lament,write a line in iambic pentameter including the word lament with an inverted foot,"Beneath the moon, I deeply lament the night."
in iambic pentameter,with an inverted foot,hate,write a line in iambic pentameter including the word hate with an inverted foot,"Beneath the moon, I harbor deep hate's flame."
of blank verse,with rhythmic variation,reason,write a line of blank verse including the word reason with rhythmic variation,"Beneath the moon, I seek the truth of reason's glow."
in meter,with rhythmic variation,hate,write a line in meter including the word hate with rhythmic variation,"Beneath the moon, my heart harbors silent hate."
in iambic pentameter,with rhythmic variation,hate,write a line in iambic pentameter including the word hate with rhythmic variation,"Beneath the moon, my heart still harbors hate"
in meter,,love,write a line in meter including the word love ,"Beneath the moon, our hearts entwined with love."
in iambic pentameter,with rhythmic variation,lie,write a line in iambic pentameter including the word lie with rhythmic variation,"Beneath the moon, our secrets softly lie."
in meter,with rhythmic variation,beginning,write a line in meter including the word beginning with rhythmic variation,"Beneath the moon, the rhythmic shadows play."
of blank verse,with a trochaic inversion at the end of the line,lie,write a line of blank verse including the word lie with a trochaic inversion at the end of the line,"Beneath the moon, their whispered secrets lie."
in meter,,sorrow,write a line in meter including the word sorrow ,"Beneath the moon, we dance with quiet sorrow."
in iambic pentameter,,sorrow,write a line in iambic pentameter including the word sorrow ,"Beneath the moon, we forge through paths of sorrow."
in meter,,hate,write a line in meter including the word hate ,"Beneath the moonlight, shadows weave my hate."
of blank verse,,hate,write a line of blank verse including the word hate ,"Beneath the moonlight, shadows whisper streams of hate."
in meter,with an inverted foot,lament,write a line in meter including the word lament with an inverted foot,"Beneath the moonlight's glow, my soul does lament"
of blank verse,with a trochaic inversion after a caesura,lament,write a line of blank verse including the word lament with a trochaic inversion after a caesura,Beneath the moonlit sky â  lament fills the air.
of blank verse,with rhythmic variation,truth,write a line of blank verse including the word truth with rhythmic variation,"Beneath the moonlit veil, our truth takes flight."
of blank verse,with a trochaic inversion after a caesura,ultimate,write a line of blank verse including the word ultimate with a trochaic inversion after a caesura,"Beneath the silent night, ultimate dreams persist."
of blank verse,with rhythmic variation,lament,write a line of blank verse including the word lament with rhythmic variation,"Beneath the silent stars, my heart does lament"
in meter,with rhythmic variation,sorrow,write a line in meter including the word sorrow with rhythmic variation,"Beneath the silver moon, my sorrow softly flows"
in meter,with rhythmic variation,lament,write a line in meter including the word lament with rhythmic variation,"Beneath the silver moon, my soul begins to lament"
in meter,,lament,write a line in meter including the word lament ,"Beneath the silver sky, my heart does lament."
in meter,,reason,write a line in meter including the word reason ,"Beneath the stars, I find my guiding reason."
in iambic pentameter,,lament,write a line in iambic pentameter including the word lament ,"Beneath the stars, my heart begins to lament."
of blank verse,,lament,write a line of blank verse including the word lament ,"Beneath the stars, she offers her lone lament."
of blank verse,,deceit,write a line of blank verse including the word deceit ,"Beneath the stars, the night conceals its deceit."
in iambic pentameter,,lie,write a line in iambic pentameter including the word lie ,"Beneath the stars, the silent truths may lie."
in meter,,ultimate,write a line in meter including the word ultimate ,"Beneath the stars, the ultimate dreams align"
in iambic pentameter,with a trochaic inversion after a caesura,reason,write a line in iambic pentameter including the word reason with a trochaic inversion after a caesura,"Between the stars, Reason's light shines ever bright"
in meter,with a trochaic inversion,sorrow,write a line in meter including the word sorrow with a trochaic inversion,"Beyond sorrow's veil, the shadows dance."
in iambic pentameter,with a trochaic inversion after a caesura,ultimate,write a line in iambic pentameter including the word ultimate with a trochaic inversion after a caesura,Beyond the clouds â  Ultimate peace awaits
in meter,with a trochaic inversion,reason,write a line in meter including the word reason with a trochaic inversion,Beyond the reason's silent call
in meter,with a trochaic inversion after a caesura,truth,write a line in meter including the word truth with a trochaic inversion after a caesura,"Bright the morning sun, before truth softly speaks"
in iambic pentameter,with a trochaic inversion,deceit,write a line in iambic pentameter including the word deceit with a trochaic inversion,Darkness falls where trust is torn by deceit.
in iambic pentameter,with an inverted foot,deceit,write a line in iambic pentameter including the word deceit with an inverted foot,Deceit dances where the hidden shadows lie.
of blank verse,with an inverted foot,deceit,write a line of blank verse including the word deceit with an inverted foot,Deceit shadows the light of evening's calm.
of blank verse,,reason,write a line of blank verse including the word reason ,"Deep in the forest's heart, we seek our reason."
in meter,with a trochaic inversion at the end of the line,sorrow,write a line in meter including the word sorrow with a trochaic inversion at the end of the line,Echoes of sorrow darken the day
in meter,with a trochaic inversion,truth,write a line in meter including the word truth with a trochaic inversion,Embrace the truth where twilight shadows play.
of blank verse,with a trochaic inversion,beginning,write a line of blank verse including the word beginning with a trochaic inversion,Golden sunlight bathes the quiet valley.
in iambic pentameter,with an inverted foot,beginning,write a line in iambic pentameter including the word beginning with an inverted foot,Golden sunlight filters through the trees
in iambic pentameter,with a trochaic inversion,hate,write a line in iambic pentameter including the word hate with a trochaic inversion,Hate consumes my heart each silent night.
of blank verse,with an inverted foot,hate,write a line of blank verse including the word hate with an inverted foot,Hate hangs upon the whispers of the night
in meter,with an inverted foot,hate,write a line in meter including the word hate with an inverted foot,Hate shadows creep through twilight's gentle veil.
of blank verse,with a trochaic inversion,hate,write a line of blank verse including the word hate with a trochaic inversion,Hate's icy grip holds fast the restless mind.
in meter,,deceit,write a line in meter including the word deceit ,Her whispered lies concealed a deep deceit.
in meter,with an inverted foot,truth,write a line in meter including the word truth with an inverted foot,Hidden truth beneath the silent moon.
of blank verse,with an inverted foot,truth,write a line of blank verse including the word truth with an inverted foot,Hidden truth lies deep within the soul.
in iambic pentameter,with an inverted foot,truth,write a line in iambic pentameter including the word truth with an inverted foot,Hidden truth lies veiled beneath the moonlight.
in iambic pentameter,with a trochaic inversion at the end of the line,deceit,write a line in iambic pentameter including the word deceit with a trochaic inversion at the end of the line,His heart betrayed by whispers of deceit.
of blank verse,with an inverted foot,lament,write a line of blank verse including the word lament with an inverted foot,"In darkest hours, we lament the lost."
in iambic pentameter,,hate,write a line in iambic pentameter including the word hate ,"In shadows deep, I feel the seed of hate."
in iambic pentameter,,truth,write a line in iambic pentameter including the word truth ,"In shadows deep, the truth shall light our way."
in iambic pentameter,,ultimate,write a line in iambic pentameter including the word ultimate ,"In shadows deep, the ultimate truth awaits"
of blank verse,,lie,write a line of blank verse including the word lie ,"In shadows deep, the whispered secrets lie."
in iambic pentameter,with a trochaic inversion at the end of the line,truth,write a line in iambic pentameter including the word truth with a trochaic inversion at the end of the line,"In shadows deep, we hold the steadfast truth"
in iambic pentameter,with a trochaic inversion at the end of the line,love,write a line in iambic pentameter including the word love with a trochaic inversion at the end of the line,"In silent nights, our souls entwined through love's embrace."
in iambic pentameter,with a trochaic inversion after a caesura,truth,write a line in iambic pentameter including the word truth with a trochaic inversion after a caesura,"In silent nights, the truth reveals its light"
of blank verse,with a trochaic inversion after a caesura,love,write a line of blank verse including the word love with a trochaic inversion after a caesura,"In silent woods, Love whispers through the trees"
in meter,with rhythmic variation,ultimate,write a line in meter including the word ultimate with rhythmic variation,"In the ultimate twilight, stars whisper silent dreams."
in meter,with rhythmic variation,lie,write a line in meter including the word lie with rhythmic variation,"In twilight's hush, the shadows softly lie."
in iambic pentameter,with rhythmic variation,love,write a line in iambic pentameter including the word love with rhythmic variation,"In twilight's hush, your love ignites the stars."
of blank verse,with a trochaic inversion,lament,write a line of blank verse including the word lament with a trochaic inversion,Lament rides the whispering evening breeze.
in iambic pentameter,with a trochaic inversion,lament,write a line in iambic pentameter including the word lament with a trochaic inversion,Lament softly in the evening's glow
in meter,with a trochaic inversion after a caesura,lament,write a line in meter including the word lament with a trochaic inversion after a caesura,Lament weavesâ upon the silent breeze
of blank verse,with rhythmic variation,love,write a line of blank verse including the word love with rhythmic variation,Love dances gently through the midnight breeze.
in meter,with rhythmic variation,love,write a line in meter including the word love with rhythmic variation,"Love meanders through the silent, starlit night."
in iambic pentameter,with a trochaic inversion,love,write a line in iambic pentameter including the word love with a trochaic inversion,Love shines its light upon the silent earth.
of blank verse,with an inverted foot,love,write a line of blank verse including the word love with an inverted foot,Love surrounds the silent hills at break of day.
of blank verse,with a trochaic inversion at the end of the line,love,write a line of blank verse including the word love with a trochaic inversion at the end of the line,Love sustains us through the darkest of the night
in meter,with a trochaic inversion,love,write a line in meter including the word love with a trochaic inversion,Love whispers softly in the night
in meter,with an inverted foot,love,write a line in meter including the word love with an inverted foot,Love's gentle whisper calls the stars.
in iambic pentameter,with an inverted foot,love,write a line in iambic pentameter including the word love with an inverted foot,Love's gentle whispers soothe the restless night.
of blank verse,,love,write a line of blank verse including the word love ,Love's quiet strength endures the darkest night.
of blank verse,with a trochaic inversion,love,write a line of blank verse including the word love with a trochaic inversion,Love's whispers weave through twilight's gentle breeze.
in meter,with a trochaic inversion after a caesura,hate,write a line in meter including the word hate with a trochaic inversion after a caesura,"Morning breaks, I hate the fleeting night"
of blank verse,with a trochaic inversion,lie,write a line of blank verse including the word lie with a trochaic inversion,Morning shadows lie upon the waking earth.
in iambic pentameter,with a trochaic inversion at the end of the line,reason,write a line in iambic pentameter including the word reason with a trochaic inversion at the end of the line,My spirit thrives upon the strength of reason
in meter,with a trochaic inversion after a caesura,sorrow,write a line in meter including the word sorrow with a trochaic inversion after a caesura,"Night falls softly, sorrow shadows deep."
in iambic pentameter,with an inverted foot,reason,write a line in iambic pentameter including the word reason with an inverted foot,Reason guides us through the darkest night
of blank verse,with a trochaic inversion,reason,write a line of blank verse including the word reason with a trochaic inversion,Reason holds the key to every choice.
in meter,with an inverted foot,reason,write a line in meter including the word reason with an inverted foot,Reason speaks beneath the silent moon.
in iambic pentameter,with a trochaic inversion,reason,write a line in iambic pentameter including the word reason with a trochaic inversion,Reason whispers in the silent night.
meter,variation,seed_word,prompt,response
of blank verse,with an inverted foot,beginning,write a line of blank verse including the word beginning with an inverted foot,Shadows lift at the beginning of day
of blank verse,with a trochaic inversion,deceit,write a line of blank verse including the word deceit with a trochaic inversion,Shadows of deceit cloak the silent night.
in meter,with a trochaic inversion at the end of the line,deceit,write a line in meter including the word deceit with a trochaic inversion at the end of the line,Shadows whisper secrets of deceit
in meter,with a trochaic inversion at the end of the line,lie,write a line in meter including the word lie with a trochaic inversion at the end of the line,Silent echoes gently lie
in meter,with a trochaic inversion,hate,write a line in meter including the word hate with a trochaic inversion,Silent hate beneath the silver moon.
in meter,with an inverted foot,lie,write a line in meter including the word lie with an inverted foot,Silent lies the moon upon the bay.
in meter,with a trochaic inversion after a caesura,reason,write a line in meter including the word reason with a trochaic inversion after a caesura,"Silent night, Reason whispers in the dark"
of blank verse,with an inverted foot,reason,write a line of blank verse including the word reason with an inverted foot,Silent reason steers us through the night
in meter,with a trochaic inversion after a caesura,lie,write a line in meter including the word lie with a trochaic inversion after a caesura,Silent shadows fallâ **Lie** beneath the moon.
in meter,with a trochaic inversion at the end of the line,truth,write a line in meter including the word truth with a trochaic inversion at the end of the line,Silent shadows keep the truth tonight
in meter,with a trochaic inversion at the end of the line,reason,write a line in meter including the word reason with a trochaic inversion at the end of the line,Silent tears beneath reason's veil
in meter,with an inverted foot,beginning,write a line in meter including the word beginning with an inverted foot,Silent whispers greet the day's beginning.
in iambic pentameter,with rhythmic variation,reason,write a line in iambic pentameter including the word reason with rhythmic variation,Silent whispers guide us to reason's path
in meter,with a trochaic inversion at the end of the line,beginning,write a line in meter including the word beginning with a trochaic inversion at the end of the line,Silent whispers in the night resound
in meter,with an inverted foot,sorrow,write a line in meter including the word sorrow with an inverted foot,Sorrow cloaks the night in silent dreams.
of blank verse,with an inverted foot,sorrow,write a line of blank verse including the word sorrow with an inverted foot,Sorrow dims the glow that shines upon the night.
in iambic pentameter,with an inverted foot,sorrow,write a line in iambic pentameter including the word sorrow with an inverted foot,"Sorrow drapes the night, and brings the dawn's soft light."
of blank verse,with a trochaic inversion,sorrow,write a line of blank verse including the word sorrow with a trochaic inversion,Sorrow lingers in the whispering trees tonight.
in iambic pentameter,with a trochaic inversion,sorrow,write a line in iambic pentameter including the word sorrow with a trochaic inversion,Sorrow whispers through the silent night.
in iambic pentameter,with a trochaic inversion after a caesura,hate,write a line in iambic pentameter including the word hate with a trochaic inversion after a caesura,"The evening shadows cast, Hate grips my weary heart."
in iambic pentameter,with a trochaic inversion,beginning,write a line in iambic pentameter including the word beginning with a trochaic inversion,The evening shadows softly kiss the night.
in iambic pentameter,with a trochaic inversion at the end of the line,lament,write a line in iambic pentameter including the word lament with a trochaic inversion at the end of the line,The evening sky reflects my haunting lament.
of blank verse,with a trochaic inversion after a caesura,truth,write a line of blank verse including the word truth with a trochaic inversion after a caesura,"The fading day, Truth whispers through the trees."
of blank verse,with a trochaic inversion at the end of the line,reason,write a line of blank verse including the word reason with a trochaic inversion at the end of the line,The morning breaks with clear and calm reason.
of blank verse,with a trochaic inversion after a caesura,beginning,write a line of blank verse including the word beginning with a trochaic inversion after a caesura,"The river flows, beginning to unwind."
of blank verse,with a trochaic inversion after a caesura,reason,write a line of blank verse including the word reason with a trochaic inversion after a caesura,"The silent night, Reason whispers through the dark"
in iambic pentameter,with rhythmic variation,truth,write a line in iambic pentameter including the word truth with rhythmic variation,The silent valleys guard the whispered truth
of blank verse,with a trochaic inversion at the end of the line,beginning,write a line of blank verse including the word beginning with a trochaic inversion at the end of the line,The silent woods conceal their **BE**ginning
of blank verse,with a trochaic inversion at the end of the line,beginning,write a line of blank verse including the word beginning with a trochaic inversion at the end of the line,The silent woods conceal their Beginning
in iambic pentameter,with a trochaic inversion at the end of the line,sorrow,write a line in iambic pentameter including the word sorrow with a trochaic inversion at the end of the line,The stars above reveal my heart's sorrow
in meter,with a trochaic inversion at the end of the line,hate,write a line in meter including the word hate with a trochaic inversion at the end of the line,The storm within me builds a deep hate.
in iambic pentameter,with rhythmic variation,ultimate,write a line in iambic pentameter including the word ultimate with rhythmic variation,The ultimate dream unfolds in night's embrace.
of blank verse,with rhythmic variation,ultimate,write a line of blank verse including the word ultimate with rhythmic variation,The ultimate truth lies hidden in time
of blank verse,,ultimate,write a line of blank verse including the word ultimate ,The ultimate truth shines through the darkest night.
in iambic pentameter,with an inverted foot,lie,write a line in iambic pentameter including the word lie with an inverted foot,The weary soul finds peace where shadows lie.
in iambic pentameter,with a trochaic inversion after a caesura,love,write a line in iambic pentameter including the word love with a trochaic inversion after a caesura,"The world turns dark, Love shines its gentle light"
in meter,with a trochaic inversion after a caesura,ultimate,write a line in meter including the word ultimate with a trochaic inversion after a caesura,Through endless skies to ultimate   Darkness wraps the silent field.
in meter,with an inverted foot,deceit,write a line in meter including the word deceit with an inverted foot,"Through lies of subtle deceit we tread,"
of blank verse,,truth,write a line of blank verse including the word truth ,"Through shadows deep, the steadfast truth remains."
in iambic pentameter,with a trochaic inversion after a caesura,lament,write a line in iambic pentameter including the word lament with a trochaic inversion after a caesura,Through silent night | Lament whispers low.
of blank verse,with a trochaic inversion at the end of the line,sorrow,write a line of blank verse including the word sorrow with a trochaic inversion at the end of the line,Through silent woods the sorrow whispers soft.
in meter,with rhythmic variation,reason,write a line in meter including the word reason with rhythmic variation,"Through tangled thoughts, reason finds its quiet way."
of blank verse,with rhythmic variation,sorrow,write a line of blank verse including the word sorrow with rhythmic variation,"Through twilight's veil, he walked with quiet sorrow."
in iambic pentameter,with a trochaic inversion,truth,write a line in iambic pentameter including the word truth with a trochaic inversion,Truth lies beneath the surface of our hidden fears
of blank verse,with a trochaic inversion,truth,write a line of blank verse including the word truth with a trochaic inversion,Truth unveils the shadows of the night.
in iambic pentameter,with a trochaic inversion after a caesura,beginning,write a line in iambic pentameter including the word beginning with a trochaic inversion after a caesura,"Twilight descends, Beginning shadows fall"
in meter,with a trochaic inversion after a caesura,deceit,write a line in meter including the word deceit with a trochaic inversion after a caesura,"Twilight dims, deceit unveils the dark"
in meter,with a trochaic inversion after a caesura,beginning,write a line in meter including the word beginning with a trochaic inversion after a caesura,Twilight dimsâ Beginning shadows fall.
in iambic pentameter,with a trochaic inversion,lie,write a line in iambic pentameter including the word lie with a trochaic inversion,Twilight's shadows softly hold the silent lie.
in iambic pentameter,with a trochaic inversion,ultimate,write a line in iambic pentameter including the word ultimate with a trochaic inversion,Ultimate dreams ascend the night's embrace.
in meter,with an inverted foot,ultimate,write a line in meter including the word ultimate with an inverted foot,Ultimate dreams descend on silent night.
of blank verse,with a trochaic inversion,ultimate,write a line of blank verse including the word ultimate with a trochaic inversion,"Ultimate shadows dance beneath the moon,"
in meter,with a trochaic inversion at the end of the line,ultimate,write a line in meter including the word ultimate with a trochaic inversion at the end of the line,Ultimate shadows fall away
of blank verse,with an inverted foot,ultimate,write a line of blank verse including the word ultimate with an inverted foot,Ultimate shadows stretch across the silent field.
in meter,,lie,write a line in meter including the word lie ,"Upon the breeze, a whispered soft-born lie."
in iambic pentameter,with a trochaic inversion at the end of the line,beginning,write a line in iambic pentameter including the word beginning with a trochaic inversion at the end of the line,"Upon the dawn, a fresh new **BEginning** starts"
in iambic pentameter,with a trochaic inversion at the end of the line,beginning,write a line in iambic pentameter including the word beginning with a trochaic inversion at the end of the line,"Upon the dawn, a fresh new BEginning starts"
of blank verse,,sorrow,write a line of blank verse including the word sorrow ,"Upon the dawn, I bear the cloak of sorrow."
in iambic pentameter,,love,write a line in iambic pentameter including the word love ,"Upon the dawn, our hearts are filled with love."
in meter,,truth,write a line in meter including the word truth ,"Upon the dawn, the light unveils the truth."
of blank verse,with a trochaic inversion after a caesura,lie,write a line of blank verse including the word lie with a trochaic inversion after a caesura,"Upon the day, gentle winds begin to lie."
of blank verse,with a trochaic inversion at the end of the line,ultimate,write a line of blank verse including the word ultimate with a trochaic inversion at the end of the line,"Upon the edge of ultimate night,"
in iambic pentameter,with a trochaic inversion after a caesura,deceit,write a line in iambic pentameter including the word deceit with a trochaic inversion after a caesura,"Upon the hill, deceit cloaks the silver night"
of blank verse,with a trochaic inversion after a caesura,sorrow,write a line of blank verse including the word sorrow with a trochaic inversion after a caesura,"Upon the hill, SORROW's whispers softly fall."
in meter,with a trochaic inversion after a caesura,love,write a line in meter including the word love with a trochaic inversion after a caesura,"Upon the meadow's edge, Love dances in the breeze"
of blank verse,with a trochaic inversion at the end of the line,lament,write a line of blank verse including the word lament with a trochaic inversion at the end of the line,"Upon the moor, our voices lament"
of blank verse,with rhythmic variation,deceit,write a line of blank verse including the word deceit with rhythmic variation,Upon the shadows cast by dark deceit.
in meter,with a trochaic inversion,lie,write a line in meter including the word lie with a trochaic inversion,Upon the twilight lies a sigh.
of blank verse,with a trochaic inversion at the end of the line,deceit,write a line of blank verse including the word deceit with a trochaic inversion at the end of the line,Upon the twilight veil of dark deceit
in iambic pentameter,with a trochaic inversion at the end of the line,lie,write a line in iambic pentameter including the word lie with a trochaic inversion at the end of the line,Upon the twilight's edge our truths lie still.
of blank verse,with rhythmic variation,lie,write a line of blank verse including the word lie with rhythmic variation,"Upon the twilight's edge, the shadows lie."
in meter,with a trochaic inversion,ultimate,write a line in meter including the word ultimate with a trochaic inversion,Upon the ultimate darkened skies
in iambic pentameter,with rhythmic variation,lament,write a line in iambic pentameter including the word lament with rhythmic variation,"Upon the winds, my whispered lament sails"
in iambic pentameter,with a trochaic inversion at the end of the line,ultimate,write a line in iambic pentameter including the word ultimate with a trochaic inversion at the end of the line,We search to find the ultimate solace
in iambic pentameter,with a trochaic inversion after a caesura,lie,write a line in iambic pentameter including the word lie with a trochaic inversion after a caesura,"When evening falls, the weary stars lie low"
of blank verse,with a trochaic inversion after a caesura,hate,write a line of blank verse including the word hate with a trochaic inversion after a caesura,"When whispers fade, hate envelops darkened skies."
in meter,with a trochaic inversion at the end of the line,love,write a line in meter including the word love with a trochaic inversion at the end of the line,Whispered dreams entwine with silent love.
in meter,with rhythmic variation,deceit,write a line in meter including the word deceit with rhythmic variation,Whispers dance beneath the veil of deceit.
of blank verse,with an inverted foot,lie,write a line of blank verse including the word lie with an inverted foot,Whispers lie beneath the silent stars tonight.
in iambic pentameter,,beginning,write a line in iambic pentameter including the word beginning ,"With every step, we start a new beginning."
in meter,,beginning,write a line in meter including the word beginning ,With every sunrise comes a new beginning.
in meter,with a trochaic inversion,deceit,write a line in meter including the word deceit with a trochaic inversion,Within deceit the silent shadows fall
of blank verse,with rhythmic variation,hate,write a line of blank verse including the word hate with rhythmic variation,"Within his soul, the heavy chains of hate."
in iambic pentameter,with a trochaic inversion at the end of the line,hate,write a line in iambic pentameter including the word hate with a trochaic inversion at the end of the line,"Within my heart, the seeds of hate do grow."
in iambic pentameter,,reason,write a line in iambic pentameter including the word reason ,"Within our hearts, we find the strength of reason"
in iambic pentameter,,deceit,write a line in iambic pentameter including the word deceit ,Within the shadows danced a veil of deceit