meter,variation,seed_word,prompt,response
in iambic pentameter,,sorrow,write a line in iambic pentameter including the word sorrow ,"Upon the dawn, the light reveals our sorrow."
in iambic pentameter,,lament,write a line in iambic pentameter including the word lament ,"Upon the dusk, my heart begins to lament."
in iambic pentameter,,truth,write a line in iambic pentameter including the word truth ,"Within our hearts, we hold the purest truth"
in iambic pentameter,,lie,write a line in iambic pentameter including the word lie ,
in iambic pentameter,,love,write a line in iambic pentameter including the word love ,
in iambic pentameter,,hate,write a line in iambic pentameter including the word hate ,
in iambic pentameter,,beginning,write a line in iambic pentameter including the word beginning ,
in iambic pentameter,,ultimate,write a line in iambic pentameter including the word ultimate ,
in iambic pentameter,,reason,write a line in iambic pentameter including the word reason ,
in iambic pentameter,,deceit,write a line in iambic pentameter including the word deceit ,
in iambic pentameter,with rhythmic variation,sorrow,write a line in iambic pentameter including the word sorrow with rhythmic variation,
in iambic pentameter,with rhythmic variation,lament,write a line in iambic pentameter including the word lament with rhythmic variation,
in iambic pentameter,with rhythmic variation,truth,write a line in iambic pentameter including the word truth with rhythmic variation,
in iambic pentameter,with rhythmic variation,lie,write a line in iambic pentameter including the word lie with rhythmic variation,
in iambic pentameter,with rhythmic variation,love,write a line in iambic pentameter including the word love with rhythmic variation,
in iambic pentameter,with rhythmic variation,hate,write a line in iambic pentameter including the word hate with rhythmic variation,
in iambic pentameter,with rhythmic variation,beginning,write a line in iambic pentameter including the word beginning with rhythmic variation,
in iambic pentameter,with rhythmic variation,ultimate,write a line in iambic pentameter including the word ultimate with rhythmic variation,
in iambic pentameter,with rhythmic variation,reason,write a line in iambic pentameter including the word reason with rhythmic variation,
in iambic pentameter,with rhythmic variation,deceit,write a line in iambic pentameter including the word deceit with rhythmic variation,
in iambic pentameter,with a trochaic inversion,sorrow,write a line in iambic pentameter including the word sorrow with a trochaic inversion,
in iambic pentameter,with a trochaic inversion,lament,write a line in iambic pentameter including the word lament with a trochaic inversion,
in iambic pentameter,with a trochaic inversion,truth,write a line in iambic pentameter including the word truth with a trochaic inversion,
in iambic pentameter,with a trochaic inversion,lie,write a line in iambic pentameter including the word lie with a trochaic inversion,
in iambic pentameter,with a trochaic inversion,love,write a line in iambic pentameter including the word love with a trochaic inversion,
in iambic pentameter,with a trochaic inversion,hate,write a line in iambic pentameter including the word hate with a trochaic inversion,
in iambic pentameter,with a trochaic inversion,beginning,write a line in iambic pentameter including the word beginning with a trochaic inversion,
in iambic pentameter,with a trochaic inversion,ultimate,write a line in iambic pentameter including the word ultimate with a trochaic inversion,
in iambic pentameter,with a trochaic inversion,reason,write a line in iambic pentameter including the word reason with a trochaic inversion,
in iambic pentameter,with a trochaic inversion,deceit,write a line in iambic pentameter including the word deceit with a trochaic inversion,
in iambic pentameter,with a trochaic inversion after a caesura,sorrow,write a line in iambic pentameter including the word sorrow with a trochaic inversion after a caesura,
in iambic pentameter,with a trochaic inversion after a caesura,lament,write a line in iambic pentameter including the word lament with a trochaic inversion after a caesura,
in iambic pentameter,with a trochaic inversion after a caesura,truth,write a line in iambic pentameter including the word truth with a trochaic inversion after a caesura,
in iambic pentameter,with a trochaic inversion after a caesura,lie,write a line in iambic pentameter including the word lie with a trochaic inversion after a caesura,
in iambic pentameter,with a trochaic inversion after a caesura,love,write a line in iambic pentameter including the word love with a trochaic inversion after a caesura,
in iambic pentameter,with a trochaic inversion after a caesura,hate,write a line in iambic pentameter including the word hate with a trochaic inversion after a caesura,
in iambic pentameter,with a trochaic inversion after a caesura,beginning,write a line in iambic pentameter including the word beginning with a trochaic inversion after a caesura,
in iambic pentameter,with a trochaic inversion after a caesura,ultimate,write a line in iambic pentameter including the word ultimate with a trochaic inversion after a caesura,
in iambic pentameter,with a trochaic inversion after a caesura,reason,write a line in iambic pentameter including the word reason with a trochaic inversion after a caesura,
in iambic pentameter,with a trochaic inversion after a caesura,deceit,write a line in iambic pentameter including the word deceit with a trochaic inversion after a caesura,
in iambic pentameter,with an inverted foot,sorrow,write a line in iambic pentameter including the word sorrow with an inverted foot,
in iambic pentameter,with an inverted foot,lament,write a line in iambic pentameter including the word lament with an inverted foot,
in iambic pentameter,with an inverted foot,truth,write a line in iambic pentameter including the word truth with an inverted foot,
in iambic pentameter,with an inverted foot,lie,write a line in iambic pentameter including the word lie with an inverted foot,
in iambic pentameter,with an inverted foot,love,write a line in iambic pentameter including the word love with an inverted foot,
in iambic pentameter,with an inverted foot,hate,write a line in iambic pentameter including the word hate with an inverted foot,
in iambic pentameter,with an inverted foot,beginning,write a line in iambic pentameter including the word beginning with an inverted foot,
in iambic pentameter,with an inverted foot,ultimate,write a line in iambic pentameter including the word ultimate with an inverted foot,
in iambic pentameter,with an inverted foot,reason,write a line in iambic pentameter including the word reason with an inverted foot,
in iambic pentameter,with an inverted foot,deceit,write a line in iambic pentameter including the word deceit with an inverted foot,
in iambic pentameter,with a trochaic inversion at the end of the line,sorrow,write a line in iambic pentameter including the word sorrow with a trochaic inversion at the end of the line,
in iambic pentameter,with a trochaic inversion at the end of the line,lament,write a line in iambic pentameter including the word lament with a trochaic inversion at the end of the line,
in iambic pentameter,with a trochaic inversion at the end of the line,truth,write a line in iambic pentameter including the word truth with a trochaic inversion at the end of the line,
in iambic pentameter,with a trochaic inversion at the end of the line,lie,write a line in iambic pentameter including the word lie with a trochaic inversion at the end of the line,
in iambic pentameter,with a trochaic inversion at the end of the line,love,write a line in iambic pentameter including the word love with a trochaic inversion at the end of the line,
in iambic pentameter,with a trochaic inversion at the end of the line,hate,write a line in iambic pentameter including the word hate with a trochaic inversion at the end of the line,
in iambic pentameter,with a trochaic inversion at the end of the line,beginning,write a line in iambic pentameter including the word beginning with a trochaic inversion at the end of the line,
in iambic pentameter,with a trochaic inversion at the end of the line,ultimate,write a line in iambic pentameter including the word ultimate with a trochaic inversion at the end of the line,
in iambic pentameter,with a trochaic inversion at the end of the line,reason,write a line in iambic pentameter including the word reason with a trochaic inversion at the end of the line,
in iambic pentameter,with a trochaic inversion at the end of the line,deceit,write a line in iambic pentameter including the word deceit with a trochaic inversion at the end of the line,
of blank verse,,sorrow,write a line of blank verse including the word sorrow ,
of blank verse,,lament,write a line of blank verse including the word lament ,
of blank verse,,truth,write a line of blank verse including the word truth ,
of blank verse,,lie,write a line of blank verse including the word lie ,
of blank verse,,love,write a line of blank verse including the word love ,
of blank verse,,hate,write a line of blank verse including the word hate ,
of blank verse,,beginning,write a line of blank verse including the word beginning ,
of blank verse,,ultimate,write a line of blank verse including the word ultimate ,
of blank verse,,reason,write a line of blank verse including the word reason ,
of blank verse,,deceit,write a line of blank verse including the word deceit ,
of blank verse,with rhythmic variation,sorrow,write a line of blank verse including the word sorrow with rhythmic variation,
of blank verse,with rhythmic variation,lament,write a line of blank verse including the word lament with rhythmic variation,
of blank verse,with rhythmic variation,truth,write a line of blank verse including the word truth with rhythmic variation,
of blank verse,with rhythmic variation,lie,write a line of blank verse including the word lie with rhythmic variation,
of blank verse,with rhythmic variation,love,write a line of blank verse including the word love with rhythmic variation,
of blank verse,with rhythmic variation,hate,write a line of blank verse including the word hate with rhythmic variation,
of blank verse,with rhythmic variation,beginning,write a line of blank verse including the word beginning with rhythmic variation,
of blank verse,with rhythmic variation,ultimate,write a line of blank verse including the word ultimate with rhythmic variation,
of blank verse,with rhythmic variation,reason,write a line of blank verse including the word reason with rhythmic variation,
of blank verse,with rhythmic variation,deceit,write a line of blank verse including the word deceit with rhythmic variation,
of blank verse,with a trochaic inversion,sorrow,write a line of blank verse including the word sorrow with a trochaic inversion,
of blank verse,with a trochaic inversion,lament,write a line of blank verse including the word lament with a trochaic inversion,
of blank verse,with a trochaic inversion,truth,write a line of blank verse including the word truth with a trochaic inversion,
of blank verse,with a trochaic inversion,lie,write a line of blank verse including the word lie with a trochaic inversion,
of blank verse,with a trochaic inversion,love,write a line of blank verse including the word love with a trochaic inversion,
of blank verse,with a trochaic inversion,hate,write a line of blank verse including the word hate with a trochaic inversion,
of blank verse,with a trochaic inversion,beginning,write a line of blank verse including the word beginning with a trochaic inversion,
of blank verse,with a trochaic inversion,ultimate,write a line of blank verse including the word ultimate with a trochaic inversion,
of blank verse,with a trochaic inversion,reason,write a line of blank verse including the word reason with a trochaic inversion,
of blank verse,with a trochaic inversion,deceit,write a line of blank verse including the word deceit with a trochaic inversion,
of blank verse,with a trochaic inversion after a caesura,sorrow,write a line of blank verse including the word sorrow with a trochaic inversion after a caesura,
of blank verse,with a trochaic inversion after a caesura,lament,write a line of blank verse including the word lament with a trochaic inversion after a caesura,
of blank verse,with a trochaic inversion after a caesura,truth,write a line of blank verse including the word truth with a trochaic inversion after a caesura,
of blank verse,with a trochaic inversion after a caesura,lie,write a line of blank verse including the word lie with a trochaic inversion after a caesura,
of blank verse,with a trochaic inversion after a caesura,love,write a line of blank verse including the word love with a trochaic inversion after a caesura,
of blank verse,with a trochaic inversion after a caesura,hate,write a line of blank verse including the word hate with a trochaic inversion after a caesura,
of blank verse,with a trochaic inversion after a caesura,beginning,write a line of blank verse including the word beginning with a trochaic inversion after a caesura,
of blank verse,with a trochaic inversion after a caesura,ultimate,write a line of blank verse including the word ultimate with a trochaic inversion after a caesura,
of blank verse,with a trochaic inversion after a caesura,reason,write a line of blank verse including the word reason with a trochaic inversion after a caesura,
of blank verse,with a trochaic inversion after a caesura,deceit,write a line of blank verse including the word deceit with a trochaic inversion after a caesura,
of blank verse,with an inverted foot,sorrow,write a line of blank verse including the word sorrow with an inverted foot,
of blank verse,with an inverted foot,lament,write a line of blank verse including the word lament with an inverted foot,
of blank verse,with an inverted foot,truth,write a line of blank verse including the word truth with an inverted foot,
of blank verse,with an inverted foot,lie,write a line of blank verse including the word lie with an inverted foot,
of blank verse,with an inverted foot,love,write a line of blank verse including the word love with an inverted foot,
of blank verse,with an inverted foot,hate,write a line of blank verse including the word hate with an inverted foot,
of blank verse,with an inverted foot,beginning,write a line of blank verse including the word beginning with an inverted foot,
of blank verse,with an inverted foot,ultimate,write a line of blank verse including the word ultimate with an inverted foot,
of blank verse,with an inverted foot,reason,write a line of blank verse including the word reason with an inverted foot,
of blank verse,with an inverted foot,deceit,write a line of blank verse including the word deceit with an inverted foot,
of blank verse,with a trochaic inversion at the end of the line,sorrow,write a line of blank verse including the word sorrow with a trochaic inversion at the end of the line,
of blank verse,with a trochaic inversion at the end of the line,lament,write a line of blank verse including the word lament with a trochaic inversion at the end of the line,
of blank verse,with a trochaic inversion at the end of the line,truth,write a line of blank verse including the word truth with a trochaic inversion at the end of the line,
of blank verse,with a trochaic inversion at the end of the line,lie,write a line of blank verse including the word lie with a trochaic inversion at the end of the line,
of blank verse,with a trochaic inversion at the end of the line,love,write a line of blank verse including the word love with a trochaic inversion at the end of the line,
of blank verse,with a trochaic inversion at the end of the line,hate,write a line of blank verse including the word hate with a trochaic inversion at the end of the line,
of blank verse,with a trochaic inversion at the end of the line,beginning,write a line of blank verse including the word beginning with a trochaic inversion at the end of the line,
of blank verse,with a trochaic inversion at the end of the line,ultimate,write a line of blank verse including the word ultimate with a trochaic inversion at the end of the line,
of blank verse,with a trochaic inversion at the end of the line,reason,write a line of blank verse including the word reason with a trochaic inversion at the end of the line,
of blank verse,with a trochaic inversion at the end of the line,deceit,write a line of blank verse including the word deceit with a trochaic inversion at the end of the line,
in meter,,sorrow,write a line in meter including the word sorrow ,
in meter,,lament,write a line in meter including the word lament ,
in meter,,truth,write a line in meter including the word truth ,
in meter,,lie,write a line in meter including the word lie ,
in meter,,love,write a line in meter including the word love ,
in meter,,hate,write a line in meter including the word hate ,
in meter,,beginning,write a line in meter including the word beginning ,
in meter,,ultimate,write a line in meter including the word ultimate ,
in meter,,reason,write a line in meter including the word reason ,
in meter,,deceit,write a line in meter including the word deceit ,
in meter,with rhythmic variation,sorrow,write a line in meter including the word sorrow with rhythmic variation,
in meter,with rhythmic variation,lament,write a line in meter including the word lament with rhythmic variation,
in meter,with rhythmic variation,truth,write a line in meter including the word truth with rhythmic variation,
in meter,with rhythmic variation,lie,write a line in meter including the word lie with rhythmic variation,
in meter,with rhythmic variation,love,write a line in meter including the word love with rhythmic variation,
in meter,with rhythmic variation,hate,write a line in meter including the word hate with rhythmic variation,
in meter,with rhythmic variation,beginning,write a line in meter including the word beginning with rhythmic variation,
in meter,with rhythmic variation,ultimate,write a line in meter including the word ultimate with rhythmic variation,
in meter,with rhythmic variation,reason,write a line in meter including the word reason with rhythmic variation,
in meter,with rhythmic variation,deceit,write a line in meter including the word deceit with rhythmic variation,
in meter,with a trochaic inversion,sorrow,write a line in meter including the word sorrow with a trochaic inversion,
in meter,with a trochaic inversion,lament,write a line in meter including the word lament with a trochaic inversion,
in meter,with a trochaic inversion,truth,write a line in meter including the word truth with a trochaic inversion,
in meter,with a trochaic inversion,lie,write a line in meter including the word lie with a trochaic inversion,
in meter,with a trochaic inversion,love,write a line in meter including the word love with a trochaic inversion,
in meter,with a trochaic inversion,hate,write a line in meter including the word hate with a trochaic inversion,
in meter,with a trochaic inversion,beginning,write a line in meter including the word beginning with a trochaic inversion,
in meter,with a trochaic inversion,ultimate,write a line in meter including the word ultimate with a trochaic inversion,
in meter,with a trochaic inversion,reason,write a line in meter including the word reason with a trochaic inversion,
in meter,with a trochaic inversion,deceit,write a line in meter including the word deceit with a trochaic inversion,
in meter,with a trochaic inversion after a caesura,sorrow,write a line in meter including the word sorrow with a trochaic inversion after a caesura,
in meter,with a trochaic inversion after a caesura,lament,write a line in meter including the word lament with a trochaic inversion after a caesura,
in meter,with a trochaic inversion after a caesura,truth,write a line in meter including the word truth with a trochaic inversion after a caesura,
in meter,with a trochaic inversion after a caesura,lie,write a line in meter including the word lie with a trochaic inversion after a caesura,
in meter,with a trochaic inversion after a caesura,love,write a line in meter including the word love with a trochaic inversion after a caesura,
in meter,with a trochaic inversion after a caesura,hate,write a line in meter including the word hate with a trochaic inversion after a caesura,
in meter,with a trochaic inversion after a caesura,beginning,write a line in meter including the word beginning with a trochaic inversion after a caesura,
in meter,with a trochaic inversion after a caesura,ultimate,write a line in meter including the word ultimate with a trochaic inversion after a caesura,
in meter,with a trochaic inversion after a caesura,reason,write a line in meter including the word reason with a trochaic inversion after a caesura,
in meter,with a trochaic inversion after a caesura,deceit,write a line in meter including the word deceit with a trochaic inversion after a caesura,
in meter,with an inverted foot,sorrow,write a line in meter including the word sorrow with an inverted foot,
in meter,with an inverted foot,lament,write a line in meter including the word lament with an inverted foot,
in meter,with an inverted foot,truth,write a line in meter including the word truth with an inverted foot,
in meter,with an inverted foot,lie,write a line in meter including the word lie with an inverted foot,
in meter,with an inverted foot,love,write a line in meter including the word love with an inverted foot,
in meter,with an inverted foot,hate,write a line in meter including the word hate with an inverted foot,
in meter,with an inverted foot,beginning,write a line in meter including the word beginning with an inverted foot,
in meter,with an inverted foot,ultimate,write a line in meter including the word ultimate with an inverted foot,
in meter,with an inverted foot,reason,write a line in meter including the word reason with an inverted foot,
in meter,with an inverted foot,deceit,write a line in meter including the word deceit with an inverted foot,
in meter,with a trochaic inversion at the end of the line,sorrow,write a line in meter including the word sorrow with a trochaic inversion at the end of the line,
in meter,with a trochaic inversion at the end of the line,lament,write a line in meter including the word lament with a trochaic inversion at the end of the line,
in meter,with a trochaic inversion at the end of the line,truth,write a line in meter including the word truth with a trochaic inversion at the end of the line,
in meter,with a trochaic inversion at the end of the line,lie,write a line in meter including the word lie with a trochaic inversion at the end of the line,
in meter,with a trochaic inversion at the end of the line,love,write a line in meter including the word love with a trochaic inversion at the end of the line,
in meter,with a trochaic inversion at the end of the line,hate,write a line in meter including the word hate with a trochaic inversion at the end of the line,
in meter,with a trochaic inversion at the end of the line,beginning,write a line in meter including the word beginning with a trochaic inversion at the end of the line,
in meter,with a trochaic inversion at the end of the line,ultimate,write a line in meter including the word ultimate with a trochaic inversion at the end of the line,
in meter,with a trochaic inversion at the end of the line,reason,write a line in meter including the word reason with a trochaic inversion at the end of the line,
in meter,with a trochaic inversion at the end of the line,deceit,write a line in meter including the word deceit with a trochaic inversion at the end of the line,
in iambic pentameter,,sorrow,write a line in iambic pentameter including the word sorrow ,"Upon the dawn, the light reveals our sorrow."
in iambic pentameter,,lament,write a line in iambic pentameter including the word lament ,"Upon the dusk, my heart begins to lament."
in iambic pentameter,,truth,write a line in iambic pentameter including the word truth ,"Within our hearts, we hold the purest truth"
